<?xml version="1.0" encoding="UTF-8"?>
<beans xmlns="http://www.springframework.org/schema/beans"
	xmlns:xsi="http://www.w3.org/2001/XMLSchema-instance"
	xmlns:p="http://www.springframework.org/schema/p"
	xmlns:context="http://www.springframework.org/schema/context"
	xsi:schemaLocation=" http://www.springframework.org/schema/beans http://www.springframework.org/schema/beans/spring-beans-3.0.xsd http://www.springframework.org/schema/context http://www.springframework.org/schema/context/spring-context-3.0.xsd">
	<context:component-scan
		base-package="org.springframework.samples.petclinic.web" />
		
	<bean id="localDataSource" class="org.springframework.jdbc.datasource.SimpleDriverDataSource">
		<property name="driverClass" value="oracle.jdbc.driver.OracleDriver"></property>
		<property name="url" value="jdbc:oracle:thin@lacalhost:1521:orcl"></property>
		<property name="username" value="scott"></property>
		<property name="password" value="tiger"></property>
	</bean>
	
	
	<!-- BoardDAO -->
	<bean id="boardDAO" class="com.test.mvc.BoardDAO">
		<property name="dataSource">
			<ref bean="localDataSource"/>
		</property>
	</bean>
	
	
	<!-- BoardListControll -->
	<bean name="/list.do" class="com.test.mvc.ListControll">
		<property name="dao">
			<ref bean="boardDAO"/>
		</property>
	</bean>
	
	

	
</beans>